{"cameraMode":{"drawMode":0,"name":"Shaded","section":"Shading Mode"},"sceneLighting":false,"audioPlay":false,"sceneViewState":{"m_AlwaysRefresh":false,"showFog":true,"showSkybox":false,"showFlares":true,"showImageEffects":true,"showParticleSystems":true,"showVisualEffectGraphs":true,"m_FxEnabled":true},"in2DMode":false,"pivot":{"x":5.7364702224731449,"y":-0.10098530352115631,"z":6.028951644897461},"rotation":{"x":0.2589423358440399,"y":0.36970436573028567,"z":-0.10808006674051285,"w":0.8857799172401428},"size":4.348484992980957,"orthographic":false}